cohort_rank,proxyWallet,name,pseudonym,profit_all,volume_all,lb_sources,profit_best,volume_best,rank_key
1,0x56687bf447db6ffa42ffe2204a05edaa20f55839,Theo4,Theo4,22053933.752321757,,profit:all,22053933.752321757,,22053933.752321757
2,0x1f2dd6d473f3e824cd2f8a89d9c69fb96f6ad0cf,Fredi9999,Fredi9999,16619506.631730152,,profit:all,16619506.631730152,,16619506.631730152
3,0x6a72f61820b26b1fe4d956e17b6dc2a1ea3033ee,kch123,kch123,11364283.506714558,293637557.87261105,"profit:all,volume:all",11364283.506714558,293637557.87261105,11364283.506714558
4,0x2005d16a84ceefa912d4e380cd32e7ff827875ea,RN1,RN1,10042003.084419979,727817520.351681,"profit:30d,profit:7d,profit:all,volume:30d,volume:all",10042003.084419979,727817520.351681,10042003.084419979
5,0x96cfcb0c30942cfcd1cdf76c7d408794d66b1acb,mintblade,mintblade,9238344.623225637,,"profit:30d,profit:all",9238344.623225637,,9238344.623225637
6,0xed64a7bf029040aa331abc87902434d815ef217d,fishalive,fishalive,9063378.17620066,,"profit:30d,profit:all",9063378.17620066,,9063378.17620066
7,0xbc11a64ab34a03a043fbe80598fa065ee87eeec6,frostrizz,frostrizz,8928561.117991824,,"profit:30d,profit:all",8928561.117991824,,8928561.117991824
8,0x78b9ac44a6d7d7a076c14e0ad518b301b63c6b76,Len9311238,Len9311238,8709972.988069998,,profit:all,8709972.988069998,,8709972.988069998
9,0x204f72f35326db932158cba6adff0b9a1da95e14,swisstony,swisstony,8500718.179898238,1110447680.9549994,"profit:all,volume:30d,volume:all",8500718.179898238,1110447680.9549994,8500718.179898238
10,0xd235973291b2b75ff4070e9c0b01728c520b0f29,zxgngl,zxgngl,7807265.589240883,,profit:all,7807265.589240883,,7807265.589240883
11,0x3f87d51f27ba6e19ec52aaeebb68559a839c742c,GRIMDRIP,GRIMDRIP,7602742.057861,,"profit:30d,profit:all",7602742.057861,,7602742.057861
12,0x863134d00841b2e200492805a01e1e2f5defaa53,RepTrump,RepTrump,7532409.671579,,profit:all,7532409.671579,,7532409.671579
13,0x5e4c3b5b81171e2ca4ab776ac0d6bba787f9dba2,endlessFate,endlessFate,7409836.652610293,,"profit:30d,profit:all",7409836.652610293,,7409836.652610293
14,0x8119010a6e589062aa03583bb3f39ca632d9f887,PrincessCaro,PrincessCaro,6083643.099591745,,profit:all,6083643.099591745,,6083643.099591745
15,0xe9ad918c7678cd38b12603a762e638a5d1ee7091,walletmobile,walletmobile,5942685.45339684,,profit:all,5942685.45339684,,5942685.45339684
16,0x94f199fb7789f1aef7fff6b758d6b375100f4c7a,KeyTransporter,KeyTransporter,5711459.802519929,,profit:all,5711459.802519929,,5711459.802519929
17,0x885783760858e1bd5dd09a3c3f916cfa251ac270,BetTom42,BetTom42,5642135.735356,,profit:all,5642135.735356,,5642135.735356
18,0x23786fdad0073692157c6d7dc81f281843a35fcb,mikatrade77,mikatrade77,5147998.544602999,,profit:all,5147998.544602999,,5147998.544602999
19,0xe90bec87d9ef430f27f9dcfe72c34b76967d5da2,gmanas,gmanas,4955880.748691757,529047708.5059911,"profit:all,volume:all",4955880.748691757,529047708.5059911,4955880.748691757
20,0xd0c042c08f755ff940249f62745e82d356345565,alexmulti,alexmulti,4804855.613376001,,profit:all,4804855.613376001,,4804855.613376001
21,0x006cc834cc092684f1b56626e23bedb3835c16ea,0x006cc834Cc092684F1B56626E23BEdB3835c16ea-1729683673397,0x006cc834Cc092684F1B56626E23BEdB3835c16ea-1729683673397,4693482.35992549,,profit:all,4693482.35992549,,4693482.35992549
22,0xc2e7800b5af46e6093872b177b7a5e7f0563be51,beachboy4,beachboy4,4674048.476521532,222153209.143091,"profit:all,volume:all",4674048.476521532,222153209.143091,4674048.476521532
23,0x507e52ef684ca2dd91f90a9d26d149dd3288beae,GamblingIsAllYouNeed,GamblingIsAllYouNeed,4561529.989895969,438950585.76902586,"profit:all,volume:all",4561529.989895969,438950585.76902586,4561529.989895969
24,0xdc876e6873772d38716fda7f2452a78d426d7ab6,432614799197,432614799197,4526176.046413317,,profit:all,4526176.046413317,,4526176.046413317
25,0xf0318c32136c2db7fec88b84869aee6a1106c80c,BreakTheBank,BreakTheBank,4326517.970565258,,"profit:1d,profit:30d,profit:7d,profit:all,volume:30d",5205844.807405921,61334480.65417799,4326517.970565258
26,0x2a2c53bd278c04da9962fcf96490e17f3dfb9bc1,0x2a2C53bD278c04DA9962Fcf96490E17F3DfB9Bc1-1772479215461,0x2a2C53bD278c04DA9962Fcf96490E17F3DfB9Bc1-1772479215461,4233889.001416049,477330271.05573004,"profit:all,volume:all",4233889.001416049,477330271.05573004,4233889.001416049
27,0xdb27bf2ac5d428a9c63dbc914611036855a6c56e,DrPufferfish,DrPufferfish,4055508.185155177,248466180.92618096,"profit:all,volume:all",4055508.185155177,248466180.92618096,4055508.185155177
28,0x9f2fe025f84839ca81dd8e0338892605702d2ca8,surfandturf,surfandturf,4049902.072778981,,"profit:1d,profit:7d,profit:all,volume:30d",4049902.072778981,51380539.85813201,4049902.072778981
29,0x16f91db2592924cfed6e03b7e5cb5bb1e32299e3,Jenzigo,Jenzigo,4049827.0941029997,,profit:all,4049827.0941029997,,4049827.0941029997
30,0xf8831548531d56ad6a4331493243c447a827cd1f,Inaccuratestake,Inaccuratestake,3987825.147795874,,"profit:1d,profit:30d,profit:all",3987825.147795874,,3987825.147795874
31,0x2c335066fe58fe9237c3d3dc7b275c2a034a0563,0x2c335066FE58fe9237c3d3Dc7b275C2a034a0563-1759935795465,0x2c335066FE58fe9237c3d3Dc7b275C2a034a0563-1759935795465,3795351.5072937515,347334399.72099507,"profit:30d,profit:7d,profit:all,volume:30d,volume:all",3795351.5072937515,347334399.72099507,3795351.5072937515
32,0xefbc5fec8d7b0acdc8911bdd9a98d6964308f9a2,reachingthesky,reachingthesky,3742635.156562068,,profit:all,3742635.156562068,,3742635.156562068
33,0x019782cab5d844f02bafb71f512758be78579f3c,majorexploiter,majorexploiter,3668541.581104434,,profit:all,3668541.581104434,,3668541.581104434
34,0x16b29c50f2439faf627209b2ac0c7bbddaa8a881,SeriouslySirius,SeriouslySirius,3648171.807038897,,profit:all,3648171.807038897,,3648171.807038897
35,0xee613b3fc183ee44f9da9c05f53e2da107e3debf,sovereign2013,sovereign2013,3588720.2180176266,399254826.474778,"profit:all,volume:all",3588720.2180176266,399254826.474778,3588720.2180176266
36,0x14964aefa2cd7caff7878b3820a690a03c5aa429,gmpm,gmpm,3530847.5828185184,,profit:all,3530847.5828185184,,3530847.5828185184
37,0x94a428cfa4f84b264e01f70d93d02bc96cb36356,GCottrell93,GCottrell93,3442254.953739669,,profit:all,3442254.953739669,,3442254.953739669
38,0x9d84ce0306f8551e02efef1680475fc0f1dc1344,ImJustKen,ImJustKen,3314035.720342733,479541867.575603,"profit:all,volume:all",3314035.720342733,479541867.575603,3314035.720342733
39,0x5966db1fe50763c9e3c014d756369bad07e1f804,0x5966Db1fE50763C9e3C014d756369BAd07E1F804-1777648534241,0x5966Db1fE50763C9e3C014d756369BAd07E1F804-1777648534241,3199235.052781737,,"profit:30d,profit:7d,profit:all",3199235.052781737,,3199235.052781737
40,0x17db3fcd93ba12d38382a0cade24b200185c5f6d,fengdubiying,fengdubiying,3133968.201002314,,profit:all,3133968.201002314,,3133968.201002314
41,0x033a07b3de5947eab4306676ad74eb546da30d50,RandomGenius-190,RandomGenius-190,3115550.407118868,,profit:all,3115550.407118868,,3115550.407118868
42,0xed2239a9150c3920000d0094d28fa51c7db03dd0,Michie,Michie,3095007.670859059,,profit:all,3095007.670859059,,3095007.670859059
43,0x36a3f17401e395ef4cb1b7f42bcdb8ab8e15fafb,gfjoigfsjoigsjoi,gfjoigfsjoigsjoi,2930573.327551775,,profit:all,2930573.327551775,,2930573.327551775
44,0x9495425feeb0c250accb89275c97587011b19a27,LaBradfordSmith22,LaBradfordSmith22,2788828.0328353364,,profit:all,2788828.0328353364,,2788828.0328353364
45,0x26437896ed9dfeb2f69765edcafe8fdceaab39ae,Latina,Latina,,,"profit:30d,volume:30d",2696121.1958031496,43275598.802502,2696121.1958031496
46,0xa4b1eac99a65ed70e3d560126febe1086e6c5143,,,2690756.5337765543,,"profit:1d,profit:30d,profit:7d,profit:all",3640419.626843336,,2690756.5337765543
47,0xd38b71f3e8ed1af71983e5c309eac3dfa9b35029,primm,primm,2673262.1587221543,,profit:all,2673262.1587221543,,2673262.1587221543
48,0x343d4466dc323b850e5249394894c7381d91456e,tazcot,tazcot,2604547.6673410004,,profit:all,2604547.6673410004,,2604547.6673410004
49,0xee00ba338c59557141789b127927a55f5cc5cea1,S-Works,S-Works,2563127.4458069536,,profit:all,2563127.4458069536,,2563127.4458069536
50,0xd7f85d0eb0fe0732ca38d9107ad0d4d01b1289e4,tdrhrhhd,tdrhrhhd,2458550.1146077993,,profit:all,2458550.1146077993,,2458550.1146077993
51,0x44c1dfe43260c94ed4f1d00de2e1f80fb113ebc1,aenews2,aenews2,2442889.6865745885,236995718.58185294,"profit:30d,profit:all,volume:all",2442889.6865745885,236995718.58185294,2442889.6865745885
52,0x0346afae2603313d2bbee96b628536c8cbe352a5,GoalLineGhost,GoalLineGhost,,,"profit:1d,profit:30d,profit:7d,volume:30d",2375052.33274951,88969234.162108,2375052.33274951
53,0xd6505aab3c6bef32ae6c96dbd8023d7c4df114fb,BAREFLUX,BAREFLUX,,,"profit:1d,profit:30d,profit:7d",2086081.0180423786,,2086081.0180423786
54,0x97cb27132b9dd66a2ef49390893cbeb26c3fe4d0,niuniu1234,niuniu1234,,,"profit:30d,profit:7d",1615041.6812821135,,1615041.6812821135
55,0xb91aeb5accc33a5f9a8615b8ed6b2d352e913987,afghj2421,afghj2421,,,profit:30d,1493134.719617252,,1493134.719617252
56,0x6db568e61e5e3de7d87f831431b673f38ce2e279,,,,,profit:30d,1445847.3459377156,,1445847.3459377156
57,0x4c6a21c3c9ba8a4c0a79abe7b32b204cfe150f47,,,,,"profit:1d,profit:30d,profit:7d",1360921.251663435,,1360921.251663435
58,0x709e8dcb133555794decc598e07f2c923b8366f5,0xd4aa6f8e91cfea29b66a48ebff52814,0xd4aa6f8e91cfea29b66a48ebff52814,,,"profit:1d,profit:30d,profit:7d,volume:30d",1343880.95347145,39782147.459381,1343880.95347145
59,0x8cb4ca5af7d9361322340bb307a828d288c91057,,,,,"profit:30d,profit:7d",1343678.9536763134,,1343678.9536763134
60,0x81da605d7dac06478367ed1bae0593b7791ca109,gardenshed,gardenshed,,,"profit:30d,profit:7d",1282152.1889502972,,1282152.1889502972
61,0xde7be6d489bce070a959e0cb813128ae659b5f4b,wan123,wan123,,,profit:30d,1279805.639012461,,1279805.639012461
62,0xe2dd72d7ca976e65495d75b8a16ba9eda62b4a23,,,,,"profit:30d,profit:7d",1244962.61790881,,1244962.61790881
63,0x4761ecf3578e388a9b16c43f874efe32ee855ae8,Grenderen,Grenderen,,,profit:30d,1192453.965695873,,1192453.965695873
64,0xcfb69f94b3764e75228515ad9d169570d5f906da,athelstan,athelstan,,,profit:30d,1184162.6696156766,,1184162.6696156766
65,0x4bff30af91642dc7d2b19a8664378fe55c45fc26,Sassy-Bucket,Sassy-Bucket,,,"profit:1d,profit:30d,profit:7d",1143109.0385606913,,1143109.0385606913
66,0xbee54d90051720e27921dc6874f02d646ffca636,downtownfee,downtownfee,,,profit:30d,1074595.3272173721,,1074595.3272173721
67,0xb687f00464e33934f5d591f224e71c3559ecaee5,alwayslatetotheparty,alwayslatetotheparty,,,"profit:1d,profit:30d,volume:30d",977589.5314913318,144380766.957056,977589.5314913318
68,0xbaa2bcb5439e985ce4ccf815b4700027d1b92c73,denizz,denizz,,,profit:30d,962599.787740447,,962599.787740447
69,0x39d3c773be30fcc73161fc6768f46d563a779ef0,matanovik,matanovik,,,profit:1d,647677.885065379,,647677.885065379
70,0x9703676286b93c2eca71ca96e8757104519a69c2,AnonymousUsername,AnonymousUsername,,,"profit:30d,profit:7d",623610.1444741047,,623610.1444741047
71,0x83255595ba1fadd2e734cb30a0fb8110301a19cc,Mind.The.Gap,Mind.The.Gap,,,"profit:1d,profit:30d",622119.7588032708,,622119.7588032708
72,0xc6587b11a2209e46dfe3928b31c5514a8e33b784,Erasmus.,Erasmus.,,,profit:30d,621176.7384563235,,621176.7384563235
73,0xa7b7505abe2fdcc497c00074534f7fbd7e07962e,gud.hl,gud.hl,,,"profit:1d,profit:30d,profit:7d",617372.0216914387,,617372.0216914387
74,0x84dbb7103982e3617704a2ed7d5b39691952aeeb,Soarin22,Soarin22,,,"profit:30d,profit:7d",580001.4975163206,,580001.4975163206
75,0x2e69bb3db7ffcedc4f83b56fe3e6f93371d1858d,texasdolly,texasdolly,,,profit:30d,575328.2682005299,,575328.2682005299
76,0x1cc16713196d456f86fa9c7387dd326a7f73b8df,Wickier,Wickier,,,profit:30d,567581.7336678588,,567581.7336678588
77,0x03805a13a0b3e058f55f6c6af95389d4f431073d,donthackme,donthackme,,,profit:30d,567571.2622026891,,567571.2622026891
78,0xc84f7e76ec28ef20e7773b7b4926bfb7378be0c5,BrightStars,BrightStars,,,profit:30d,564837.2072765828,,564837.2072765828
79,0x53e55bc7cb3d67ad177c023ce891ad076a9d6177,Arbguy,Arbguy,,,"profit:1d,profit:30d",544500.2808119238,,544500.2808119238
80,0x3dfb153c197d4c19d3b31c1ecd2c7b6860eeabaf,0x3DFb153c197D4C19D3B31c1ecD2c7B6860eeabAf-1722957908185,0x3DFb153c197D4C19D3B31c1ecD2c7B6860eeabAf-1722957908185,,,"profit:1d,profit:30d,profit:7d,volume:30d",535974.5745311703,38540007.00933801,535974.5745311703
81,0xdf17f4a8dd01a4cfa6fc3da323a2baee5f8697d1,ocean322,ocean322,,,"profit:30d,volume:30d",520463.2165378209,38409337.856979996,520463.2165378209
82,0xfd22b8843ae03a33a8a4c5e39ef1e5ff33ebad91,AML,AML,,,"profit:1d,profit:30d",509322.5186077936,,509322.5186077936
83,0xcf6c5492124794394dd9eac46498a8babbe47e66,one8tyfive,one8tyfive,,,profit:30d,503781.72227068036,,503781.72227068036
84,0xe16d3f2a5807999b358affd9445c3a09e45e5e30,0xE16D3F2A5807999b358aFfD9445C3a09E45E5e30-1776429210592,0xE16D3F2A5807999b358aFfD9445C3a09E45E5e30-1776429210592,,,profit:30d,501031.34208280314,,501031.34208280314
85,0xad9c94a65d1f053b8bb31815865a0d4c64b69889,jalenbrunson-official,jalenbrunson-official,,,profit:30d,500367.5779277976,,500367.5779277976
86,0x198a38b9704cf3a5ed321f28c8a7836559676762,muraibatu808,muraibatu808,,,profit:30d,493493.1462686907,,493493.1462686907
87,0xe9a6ed2e4d4ee8ce47cd47cac834746dc4cf627b,Oneger,Oneger,,,"profit:1d,profit:30d",492965.7425174391,,492965.7425174391
88,0x987b441a20dd4aa4ba6d53069e852e7f820adf43,lighthousefamily,lighthousefamily,,,profit:30d,483296.94207321556,,483296.94207321556
89,0x74471a007ddcc488f6d57b5e86dfb35a8d48a16d,tetrose,tetrose,,,profit:30d,456088.9159125789,,456088.9159125789
90,0xea2b4224411e723499a803ce3f4758779fb31fc6,frankfrankfrank,frankfrankfrank,,,profit:1d,344406.62537122035,,344406.62537122035
91,0xdc71bed951076a6dfd27f6a341c441b8543ed033,0xDc71bED951076a6dfd27f6A341C441B8543ED033-1760135940099,0xDc71bED951076a6dfd27f6A341C441B8543ED033-1760135940099,,,profit:1d,329625.44077336555,,329625.44077336555
92,0xe9076a87c5ed90ef16e6fe6529c943baeca0cff6,suntori,suntori,,336225430.0461781,"profit:1d,profit:7d,volume:30d,volume:all",302976.27495628287,336225430.0461781,302976.27495628287
93,0x08fff5b9a79576a7c6e18a9d05ece0658a34ba79,krazyagain,krazyagain,,,"profit:1d,volume:30d",300952.87758374703,78834402.37468502,300952.87758374703
94,0xf751fbd76257ad498e02c1da257ac6e31df0fec8,0xF751fbD76257AD498e02C1dA257aC6E31DF0FeC8-1780152076667,0xF751fbD76257AD498e02C1dA257aC6E31DF0FeC8-1780152076667,,,profit:1d,284216.4556616728,,284216.4556616728
95,0x132f78734e5fecba945c24d5c49cd84d8c0f453b,TurretOnX,TurretOnX,,,"profit:1d,profit:7d",262228.38650563,,262228.38650563
96,0x84cfffc3f16dcc353094de30d4a45226eccd2f63,mooseborzoi,mooseborzoi,,,"profit:1d,profit:7d,volume:30d",230137.4196601294,87096603.25661299,230137.4196601294
97,0x07921379f7b31ef93da634b688b2fe36897db778,ewelmealt,ewelmealt,,,profit:1d,229454.16564283974,,229454.16564283974
98,0x32b484581fc5606de9c1e43af4636b6be9bc8b21,0x32b484581fc5606dE9C1e43AF4636b6Be9BC8B21-1774274303653,0x32b484581fc5606dE9C1e43AF4636b6Be9BC8B21-1774274303653,,,"profit:1d,profit:7d",222953.38859999762,,222953.38859999762
99,0x85f031d069de300055900c4055c1baeb6bde3f67,RJW1,RJW1,,,"profit:1d,profit:7d",212095.16617674334,,212095.16617674334
100,0x5c3a1a602848565bb16165fcd460b00c3d43020b,Crystiano,Crystiano,,,"profit:1d,profit:7d",200990.34903637442,,200990.34903637442
